OAM,X(A1),X(A2),X(A3),X(A4),X(A5),X(A6),X(A7),X(A8),X(A9),X(A10),X(A11),Becslés,Tény+0,Delta,Delta/Tény
SM001,225.6,83.6,-550.0,19.2,0.0,0.4,95.2,339.6,-388.0,-15.6,4.8,-8881073.8,5.0,8881078.8,177621577.0
SM002,225.6,-1901.2,-550.0,88.8,0.0,0.4,-183.2,339.6,254.4,-15.6,4.8,-8882625.0,5.0,8882630.0,177652601.0
SM003,225.6,83.6,-550.0,19.2,0.0,0.4,95.2,339.6,254.4,-15.6,4.8,-8880431.4,5.0,8880436.4,177608728.0
SM004,225.6,130.0,172.8,19.2,0.0,0.4,-183.2,339.6,393.6,-15.6,4.8,-8879801.6,6.0,8879807.6,147996793.0
SM005,225.6,83.6,-550.0,19.2,0.0,0.4,95.2,339.6,-388.0,-15.6,4.8,-8881073.8,5.0,8881078.8,177621577.0
SM006,225.6,83.6,-550.0,-128.4,0.0,0.4,95.2,339.6,-388.0,-15.6,4.8,-8881221.5,5.0,8881226.5,177624529.0
SM007,225.6,83.6,-550.0,-128.4,0.0,0.4,95.2,339.6,66.8,-440.4,4.8,-8881191.3,5.0,8881196.3,177623925.0
SM008,225.6,83.6,-550.0,-3336.8,0.0,0.4,95.2,-1846.8,66.8,-440.4,4.8,-8886586.0,7.0,8886593.0,126951329.0
SM009,225.6,83.6,-550.0,19.2,0.0,0.4,95.2,339.6,66.8,-15.6,4.8,-8880619.1,7.0,8880626.1,126866087.0
SM010,225.6,83.6,172.8,214.0,0.0,0.4,-204.4,339.6,66.8,-15.6,4.8,-8880001.0,5.0,8880006.0,177600120.0
SM011,-165.2,83.6,-550.0,-128.4,0.0,0.4,-183.2,201.6,254.4,-15.6,4.8,-8881386.0,5.0,8881391.0,177627819.0
SM012,225.6,83.6,172.8,214.0,0.0,0.4,-204.4,339.6,66.8,-15.6,4.8,-8880001.0,5.0,8880006.0,177600120.0
SM013,-5733.6,83.6,-550.0,-128.4,0.0,0.4,95.2,-1846.8,-1607.6,-15.6,4.8,-8890587.2,5.0,8890592.2,177811844.0
SM014,225.6,83.6,172.8,-128.4,0.0,0.4,95.2,339.6,254.4,1151.2,4.8,-8878689.2,5.0,8878694.2,177573884.0
SM015,225.6,83.6,129.2,214.0,0.0,-36.8,-204.4,339.6,393.6,-15.6,4.8,-8879755.2,5.0,8879760.2,177595204.0
SM016,225.6,83.6,129.2,214.0,0.0,-36.8,-204.4,339.6,254.4,252.8,4.8,-8879625.5,5.0,8879630.5,177592609.0
SM017,225.6,130.0,172.8,-128.4,0.0,-36.8,-204.4,339.6,66.8,-15.6,4.8,-8880334.4,7.0,8880341.4,126862020.0
SM018,225.6,83.6,172.8,-128.4,0.0,0.4,95.2,339.6,393.6,1151.2,4.8,-8878550.3,5.0,8878555.3,177571106.0
SM019,225.6,83.6,-550.0,214.0,0.0,0.4,95.2,339.6,66.8,-15.6,4.8,-8880424.4,4.0,8880428.4,222010709.0
SM020,225.6,83.6,172.8,-128.4,0.0,0.4,95.2,339.6,433.6,594.4,4.8,-8879066.8,6.0,8879072.8,147984546.0
SM021,225.6,214.0,172.8,-128.4,0.0,-36.8,-183.2,339.6,66.8,-15.6,4.8,-8880229.0,6.0,8880235.0,148003917.0
SM022,225.6,83.6,172.8,19.2,0.0,0.4,-183.2,339.6,-388.0,-15.6,4.8,-8880629.1,5.0,8880634.1,177612681.0
SM023,225.6,83.6,172.8,-128.4,0.0,0.4,95.2,339.6,254.4,252.8,4.8,-8879587.5,5.0,8879592.5,177591849.0
SM024,225.6,83.6,129.2,19.2,0.0,0.4,-183.2,339.6,254.4,-15.6,4.8,-8880030.3,5.0,8880035.3,177600707.0
SM025,225.6,83.6,129.2,88.8,0.0,0.4,95.2,339.6,66.8,-15.6,4.8,-8879870.4,6.0,8879876.4,147997939.0
SM026,-556.4,83.6,129.2,-2088.8,0.0,0.4,95.2,-820.4,66.8,-15.6,4.8,-8883990.1,5.0,8883995.1,177679902.0
SM027,225.6,83.6,172.8,-128.4,0.0,0.4,95.2,201.6,254.4,-15.6,4.8,-8879994.1,5.0,8879999.1,177599982.0
SM028,225.6,83.6,172.8,-128.4,0.0,0.4,95.2,339.6,254.4,252.8,4.8,-8879587.5,5.0,8879592.5,177591849.0
SM029,225.6,83.6,-550.0,19.2,0.0,0.4,95.2,339.6,66.8,-15.6,4.8,-8880619.1,5.0,8880624.1,177612482.0
SM030,225.6,83.6,-550.0,19.2,0.0,0.4,95.2,339.6,66.8,-15.6,4.8,-8880619.1,6.0,8880625.1,148010419.0
SM031,-165.2,83.6,-550.0,88.8,0.0,0.4,-183.2,-120.0,66.8,-15.6,4.8,-8881678.1,5.0,8881683.1,177633663.0
SM032,225.6,83.6,-550.0,88.8,0.0,0.4,95.2,339.6,66.8,-15.6,4.8,-8880549.6,6.0,8880555.6,148009259.0
SM033,225.6,83.6,129.2,19.2,0.0,0.4,-204.4,339.6,254.4,-15.6,4.8,-8880051.7,5.0,8880056.7,177601135.0
SM034,225.6,83.6,129.2,449.6,0.0,-36.8,-183.2,339.6,66.8,-15.6,4.8,-8879824.6,6.0,8879830.6,147997177.0
SM035,-6722.8,83.6,172.8,-128.4,0.0,0.4,95.2,-120.0,66.8,-15.6,4.8,-8887451.9,5.0,8887456.9,177749138.0
SM036,225.6,83.6,-550.0,214.0,0.0,0.4,95.2,339.6,66.8,-15.6,4.8,-8880424.4,6.0,8880430.4,148007173.0
SM037,225.6,83.6,129.2,88.8,0.0,275.6,95.2,339.6,66.8,-15.6,4.8,-8879595.3,6.0,8879601.3,147993355.0
SM038,225.6,83.6,172.8,19.2,0.0,0.4,95.2,339.6,254.4,-15.6,4.8,-8879708.5,7.0,8879715.5,126853078.0
SM039,-556.4,-1901.2,-550.0,-128.4,0.0,0.4,95.2,-1846.8,-388.0,-294.4,4.8,-8886453.8,4.0,8886457.8,222161446.0
SM040,225.6,83.6,172.8,214.0,0.0,0.4,-204.4,339.6,66.8,-15.6,4.8,-8880001.0,5.0,8880006.0,177600120.0
SM041,225.6,83.6,172.8,214.0,0.0,0.4,-204.4,339.6,66.8,-15.6,4.8,-8880001.0,5.0,8880006.0,177600120.0
SM042,225.6,83.6,172.8,214.0,0.0,0.4,95.2,339.6,254.4,-15.6,4.8,-8879513.7,4.0,8879517.7,221987942.0
SM043,225.6,83.6,129.2,88.8,0.0,0.4,95.2,339.6,254.4,-15.6,4.8,-8879682.6,6.0,8879688.6,147994810.0
SM044,225.6,83.6,172.8,19.2,0.0,0.4,95.2,339.6,66.8,594.4,4.8,-8879286.0,5.0,8879291.0,177585819.0
SM045,-165.2,83.6,-550.0,-128.4,0.0,0.4,95.2,201.6,-351.2,-15.6,4.8,-8881713.5,5.0,8881718.5,177634370.0
SM046,-6722.8,83.6,129.2,19.2,0.0,0.4,-183.2,-6480.0,-6316.4,-15.6,4.8,-8900369.2,4.0,8900373.2,222509331.0
SM047,225.6,-1901.2,172.8,19.2,0.0,0.4,-204.4,339.6,254.4,-15.6,4.8,-8881993.1,5.0,8881998.1,177639962.0
SM048,225.6,130.0,172.8,-128.4,0.0,0.4,95.2,339.6,254.4,-15.6,4.8,-8879810.0,5.0,8879815.0,177596299.0
SM049,-556.4,83.6,172.8,-128.4,0.0,0.4,95.2,-120.0,66.8,-15.6,4.8,-8881285.6,5.0,8881290.6,177625812.0
SM050,-5733.6,83.6,172.8,-2088.8,0.0,0.4,-204.4,-820.4,66.8,-15.6,4.8,-8889423.3,5.0,8889428.3,177788566.0
SM051,225.6,83.6,172.8,-128.4,0.0,0.4,95.2,339.6,393.6,-15.6,4.8,-8879717.2,5.0,8879722.2,177594444.0
SM052,-165.2,83.6,-550.0,19.2,0.0,0.4,95.2,-120.0,66.8,-15.6,4.8,-8881469.6,6.0,8881475.6,148024593.0
SM053,-165.2,83.6,-550.0,19.2,0.0,0.4,95.2,-820.4,66.8,-15.6,4.8,-8882170.1,6.0,8882176.1,148036269.0
SM054,225.6,83.6,172.8,214.0,0.0,-36.8,-204.4,339.6,254.4,-15.6,4.8,-8879850.4,5.0,8879855.4,177597108.0
SM055,225.6,83.6,129.2,214.0,0.0,-36.8,-183.2,-820.4,254.4,-15.6,4.8,-8881032.9,6.0,8881038.9,148017315.0
SM056,225.6,83.6,-550.0,214.0,0.0,0.4,95.2,339.6,66.8,-15.6,4.8,-8880424.4,5.0,8880429.4,177608587.0
SM057,225.6,83.6,172.8,214.0,0.0,0.4,95.2,339.6,433.6,-15.6,4.8,-8879334.6,5.0,8879339.6,177586792.0
SM058,225.6,83.6,129.2,214.0,0.0,-36.8,-204.4,339.6,254.4,-15.6,4.8,-8879894.1,5.0,8879899.1,177597982.0
SM059,225.6,83.6,129.2,19.2,0.0,0.4,95.2,339.6,66.8,-15.6,4.8,-8879939.9,5.0,8879944.9,177598899.0
SM060,225.6,83.6,172.8,88.8,0.0,0.4,95.2,201.6,66.8,-15.6,4.8,-8879964.6,6.0,8879970.6,147999511.0
SM061,225.6,83.6,172.8,19.2,0.0,0.4,95.2,339.6,66.8,-15.6,4.8,-8879896.2,5.0,8879901.2,177598024.0
SM062,225.6,83.6,172.8,-128.4,0.0,0.4,-204.4,339.6,254.4,-15.6,4.8,-8880155.7,5.0,8880160.7,177603213.0
SM063,225.6,83.6,129.2,19.2,0.0,0.4,95.2,339.6,66.8,-15.6,4.8,-8879939.9,7.0,8879946.9,126856385.0
SM064,225.6,83.6,-550.0,19.2,0.0,0.4,95.2,339.6,66.8,-15.6,4.8,-8880619.1,5.0,8880624.1,177612482.0
SM065,225.6,83.6,-550.0,214.0,0.0,0.4,95.2,201.6,66.8,-1975.2,4.8,-8882521.7,5.0,8882526.7,177650534.0
SM066,225.6,83.6,-550.0,214.0,0.0,0.4,95.2,201.6,66.8,-1975.2,4.8,-8882521.7,5.0,8882526.7,177650534.0
SM067,225.6,83.6,129.2,-128.4,0.0,0.4,95.2,339.6,66.8,-15.6,4.8,-8880087.6,5.0,8880092.6,177601851.0
SM068,-165.2,83.6,-550.0,-128.4,0.0,0.4,95.2,201.6,66.8,-15.6,4.8,-8881295.6,5.0,8881300.6,177626011.0
SM069,225.6,83.6,172.8,19.2,0.0,-36.8,-183.2,339.6,254.4,-15.6,4.8,-8880023.7,5.0,8880028.7,177600575.0
SM070,225.6,83.6,-550.0,19.2,0.0,0.4,95.2,201.6,66.8,252.8,4.8,-8880488.5,6.0,8880494.5,148008241.0
SM071,225.6,83.6,-550.0,19.2,0.0,0.4,95.2,339.6,66.8,-15.6,4.8,-8880619.1,6.0,8880625.1,148010419.0
SM072,225.6,83.6,172.8,19.2,0.0,0.4,-204.4,201.6,66.8,-294.4,4.8,-8880612.3,5.0,8880617.3,177612347.0
SM073,225.6,83.6,172.8,19.2,0.0,0.4,-204.4,201.6,66.8,-294.4,4.8,-8880612.3,5.0,8880617.3,177612347.0
SM074,225.6,83.6,172.8,19.2,0.0,0.4,95.2,339.6,66.8,-15.6,4.8,-8879896.2,4.0,8879900.2,221997505.0
SM075,225.6,83.6,172.8,88.8,0.0,-36.8,-183.2,339.6,254.4,-15.6,4.8,-8879954.2,5.0,8879959.2,177599183.0
SM076,225.6,83.6,172.8,19.2,0.0,0.4,95.2,339.6,-388.0,-15.6,4.8,-8880350.9,5.0,8880355.9,177607118.0
SM077,225.6,83.6,172.8,19.2,0.0,0.4,95.2,339.6,-388.0,-15.6,4.8,-8880350.9,5.0,8880355.9,177607118.0
SM078,-165.2,83.6,-550.0,88.8,0.0,0.4,95.2,339.6,-388.0,-15.6,4.8,-8881395.1,6.0,8881401.1,148023351.0
SM079,-165.2,83.6,129.2,19.2,0.0,0.4,-183.2,-120.0,66.8,-15.6,4.8,-8881068.5,5.0,8881073.5,177621470.0
SM080,225.6,83.6,129.2,-128.4,0.0,-36.8,-204.4,339.6,393.6,594.4,4.8,-8879487.4,4.0,8879491.4,221987285.0
SM081,-556.4,83.6,129.2,-128.4,0.0,275.6,95.2,-120.0,66.8,-15.6,4.8,-8881054.3,5.0,8881059.3,177621185.0
SM082,225.6,83.6,172.8,19.2,0.0,0.4,-183.2,339.6,393.6,1151.2,4.8,-8878680.8,5.0,8878685.8,177573716.0
SM083,225.6,83.6,172.8,19.2,0.0,0.4,-183.2,339.6,66.8,-15.6,4.8,-8880174.3,5.0,8880179.3,177603587.0
SM084,225.6,83.6,172.8,-128.4,0.0,0.4,95.2,339.6,393.6,594.4,4.8,-8879107.0,5.0,8879112.0,177582239.0
SM085,-556.4,83.6,172.8,-128.4,0.0,0.4,-183.2,201.6,66.8,-15.6,4.8,-8881242.1,6.0,8881248.1,148020802.0
SM086,225.6,83.6,129.2,19.2,0.0,0.4,95.2,201.6,66.8,-15.6,4.8,-8880077.9,5.0,8880082.9,177601659.0
SM087,225.6,83.6,172.8,19.2,0.0,0.4,-204.4,339.6,822.8,1151.2,4.8,-8878273.0,6.0,8878279.0,147971317.0
SM088,225.6,83.6,172.8,19.2,0.0,0.4,95.2,339.6,66.8,-15.6,4.8,-8879896.2,5.0,8879901.2,177598024.0
SM089,225.6,83.6,172.8,19.2,0.0,-36.8,-204.4,339.6,393.6,1114.0,4.8,-8878776.6,5.0,8878781.6,177575632.0
SM090,225.6,83.6,-550.0,-128.4,0.0,0.4,95.2,339.6,-351.2,-15.6,4.8,-8881184.7,5.0,8881189.7,177623793.0
SM091,225.6,83.6,172.8,19.2,0.0,-36.8,-204.4,339.6,254.4,-15.6,4.8,-8880045.1,5.0,8880050.1,177601003.0
SM092,225.6,83.6,172.8,19.2,0.0,0.4,-204.4,339.6,822.8,1151.2,4.8,-8878273.0,6.0,8878279.0,147971317.0
SM093,225.6,83.6,172.8,19.2,0.0,0.4,-204.4,339.6,822.8,1151.2,4.8,-8878273.0,5.0,8878278.0,177565560.0
SM094,225.6,83.6,172.8,19.2,0.0,0.4,95.2,339.6,66.8,-15.6,4.8,-8879896.2,5.0,8879901.2,177598024.0
SM095,-6722.8,-1901.2,-550.0,-2088.8,0.0,-36.8,-204.4,-6322.0,-6316.4,-294.4,4.8,-8905320.8,4.0,8905324.8,222633119.0
SM096,-6722.8,83.6,129.2,19.2,0.0,0.4,-204.4,-6480.0,-6316.4,-15.6,4.8,-8900390.6,6.0,8900396.6,148339944.0
SM097,-165.2,83.6,-550.0,214.0,0.0,0.4,95.2,339.6,66.8,-15.6,4.8,-8880815.2,5.0,8880820.2,177616403.0
SM098,225.6,83.6,172.8,19.2,0.0,275.6,95.2,339.6,254.4,-15.6,4.8,-8879433.4,5.0,8879438.4,177588768.0
SM099,225.6,-1901.2,-550.0,88.8,0.0,0.4,95.2,339.6,66.8,-15.6,4.8,-8882534.6,5.0,8882539.6,177650793.0
SM100,225.6,83.6,129.2,19.2,0.0,0.4,95.2,339.6,66.8,-15.6,4.8,-8879939.9,6.0,8879945.9,147999099.0
SM101,225.6,83.6,172.8,19.2,0.0,0.4,95.2,339.6,66.8,-15.6,4.8,-8879896.2,6.0,8879902.2,147998370.0
SM102,225.6,83.6,172.8,19.2,0.0,0.4,95.2,201.6,66.8,-15.6,4.8,-8880034.2,6.0,8880040.2,148000670.0
SM103,225.6,83.6,129.2,19.2,0.0,0.4,95.2,339.6,66.8,-15.6,4.8,-8879939.9,6.0,8879945.9,147999099.0
SM104,225.6,83.6,172.8,19.2,0.0,0.4,-183.2,339.6,254.4,-15.6,4.8,-8879986.6,5.0,8879991.6,177599832.0
SM105,225.6,83.6,172.8,19.2,0.0,0.4,95.2,201.6,66.8,-294.4,4.8,-8880312.8,5.0,8880317.8,177606356.0
SM106,225.6,83.6,172.8,19.2,0.0,0.4,-183.2,339.6,254.4,-15.6,4.8,-8879986.6,5.0,8879991.6,177599832.0
SM107,225.6,83.6,172.8,-128.4,0.0,0.4,-183.2,339.6,393.6,1151.2,4.8,-8878828.4,5.0,8878833.4,177576668.0
SM108,-556.4,83.6,172.8,-128.4,0.0,0.4,-183.2,339.6,66.8,-15.6,4.8,-8881104.1,5.0,8881109.1,177622182.0
SM109,225.6,83.6,172.8,88.8,0.0,0.4,-183.2,339.6,66.8,-15.6,4.8,-8880104.8,6.0,8880110.8,148001846.0
SM110,225.6,83.6,172.8,19.2,0.0,-36.8,-204.4,339.6,254.4,-15.6,4.8,-8880045.1,5.0,8880050.1,177601003.0
SM111,225.6,83.6,129.2,-128.4,0.0,0.4,95.2,339.6,254.4,252.8,4.8,-8879631.2,5.0,8879636.2,177592724.0
SM112,225.6,83.6,-550.0,19.2,0.0,0.4,-204.4,339.6,393.6,-15.6,4.8,-8880592.0,5.0,8880597.0,177611941.0
SM113,225.6,83.6,129.2,19.2,0.0,0.4,-204.4,339.6,393.6,-15.6,4.8,-8879912.8,5.0,8879917.8,177598357.0
SM114,225.6,83.6,172.8,19.2,0.0,0.4,95.2,339.6,66.8,-15.6,4.8,-8879896.2,6.0,8879902.2,147998370.0
SM115,225.6,83.6,129.2,-128.4,0.0,0.4,95.2,339.6,254.4,252.8,4.8,-8879631.2,5.0,8879636.2,177592724.0
SM116,225.6,83.6,172.8,19.2,0.0,0.4,-183.2,339.6,393.6,-15.6,4.8,-8879847.7,6.0,8879853.7,147997562.0
SM117,225.6,83.6,172.8,19.2,0.0,0.4,95.2,339.6,66.8,-15.6,4.8,-8879896.2,6.0,8879902.2,147998370.0
SM118,225.6,83.6,129.2,19.2,0.0,0.4,95.2,339.6,66.8,-15.6,4.8,-8879939.9,6.0,8879945.9,147999099.0
SM119,225.6,83.6,-550.0,19.2,0.0,0.4,95.2,201.6,254.4,-15.6,4.8,-8880569.4,6.0,8880575.4,148009590.0
SM120,225.6,83.6,-550.0,-128.4,0.0,0.4,-204.4,201.6,66.8,-15.6,4.8,-8881204.3,6.0,8881210.3,148020172.0
SM121,225.6,-1901.2,-550.0,-128.4,0.0,0.4,-204.4,201.6,66.8,-15.6,4.8,-8883189.4,5.0,8883194.4,177663888.0
SM122,225.6,83.6,-550.0,19.2,0.0,0.4,95.2,201.6,254.4,-15.6,4.8,-8880569.4,6.0,8880575.4,148009590.0
SM123,225.6,83.6,-550.0,88.8,0.0,275.6,95.2,339.6,-388.0,-15.6,4.8,-8880729.2,5.0,8880734.2,177614684.0
SM124,225.6,83.6,-550.0,88.8,0.0,0.4,95.2,339.6,66.8,-15.6,4.8,-8880549.6,5.0,8880554.6,177611091.0
SM125,225.6,83.6,129.2,-128.4,0.0,0.4,-204.4,201.6,66.8,-294.4,4.8,-8880803.7,5.0,8880808.7,177616174.0
SM126,225.6,83.6,-550.0,19.2,0.0,-36.8,-204.4,339.6,393.6,-15.6,4.8,-8880629.2,5.0,8880634.2,177612683.0
SM127,225.6,-1901.2,-550.0,-128.4,0.0,275.6,95.2,339.6,-388.0,-294.4,4.8,-8883210.1,5.0,8883215.1,177664301.0
SM128,225.6,-1901.2,-550.0,-128.4,0.0,275.6,95.2,339.6,-388.0,-294.4,4.8,-8883210.1,5.0,8883215.1,177664301.0
SM129,225.6,83.6,129.2,-128.4,0.0,275.6,95.2,201.6,66.8,252.8,4.8,-8879681.9,7.0,8879688.9,126852698.0
SM130,-556.4,83.6,129.2,-128.4,0.0,0.4,95.2,-820.4,66.8,-15.6,4.8,-8882029.9,5.0,8882034.9,177640698.0
SM131,225.6,83.6,172.8,19.2,0.0,-36.8,-204.4,339.6,254.4,-15.6,4.8,-8880045.1,5.0,8880050.1,177601003.0
SM132,-5733.6,83.6,-550.0,19.2,0.0,0.4,-204.4,-6480.0,-4588.0,-15.6,4.8,-8898352.5,5.0,8898357.5,177967150.0
SM133,-5733.6,83.6,-550.0,19.2,0.0,0.4,-204.4,-6480.0,-4588.0,-15.6,4.8,-8898352.5,5.0,8898357.5,177967150.0
SM134,-165.2,83.6,-550.0,-128.4,0.0,0.4,95.2,-1829.6,66.8,-15.6,4.8,-8883326.6,6.0,8883332.6,148055543.0
SM135,225.6,-1901.2,-550.0,19.2,0.0,0.4,95.2,201.6,254.4,-15.6,4.8,-8882554.5,6.0,8882560.5,148042675.0
SM136,225.6,83.6,129.2,19.2,0.0,0.4,-183.2,339.6,254.4,-15.6,4.8,-8880030.3,5.0,8880035.3,177600707.0
SM137,225.6,83.6,129.2,-128.4,0.0,0.4,95.2,339.6,254.4,-15.6,4.8,-8879899.8,5.0,8879904.8,177598097.0
SM138,225.6,83.6,172.8,19.2,0.0,0.4,95.2,339.6,-351.2,-15.6,4.8,-8880314.1,5.0,8880319.1,177606382.0
SM139,225.6,83.6,129.2,19.2,0.0,0.4,-204.4,201.6,66.8,-15.6,4.8,-8880377.5,5.0,8880382.5,177607650.0
SM140,225.6,83.6,129.2,19.2,0.0,0.4,-204.4,201.6,66.8,-15.6,4.8,-8880377.5,5.0,8880382.5,177607650.0
SM141,225.6,83.6,129.2,19.2,0.0,0.4,-183.2,339.6,254.4,-15.6,4.8,-8880030.3,5.0,8880035.3,177600707.0
SM142,225.6,83.6,129.2,-128.4,0.0,0.4,95.2,339.6,254.4,-15.6,4.8,-8879899.8,5.0,8879904.8,177598097.0
SM143,-6722.8,83.6,-550.0,-128.4,0.0,-36.8,-183.2,-9173.2,-4628.0,-15.6,4.8,-8902238.4,6.0,8902244.4,148370740.0
SM144,-556.4,83.6,-550.0,-128.4,0.0,275.6,95.2,-820.4,66.8,-15.6,4.8,-8882434.0,5.0,8882439.0,177648780.0
SM145,-6722.8,83.6,-550.0,-128.4,0.0,-36.8,-183.2,-9173.2,-4628.0,-15.6,4.8,-8902238.4,6.0,8902244.4,148370740.0
SM146,225.6,83.6,172.8,-128.4,0.0,-36.8,-204.4,339.6,254.4,-15.6,4.8,-8880192.8,5.0,8880197.8,177603956.0
SM147,-556.4,83.6,-550.0,-128.4,0.0,0.4,-204.4,-1846.8,-388.0,-15.6,4.8,-8884489.7,5.0,8884494.7,177689895.0
SM148,225.6,83.6,172.8,-128.4,0.0,0.4,-204.4,339.6,393.6,-15.6,4.8,-8880016.8,5.0,8880021.8,177600435.0
SM149,225.6,83.6,129.2,19.2,0.0,0.4,95.2,201.6,66.8,-15.6,4.8,-8880077.9,6.0,8880083.9,148001399.0
SM150,225.6,83.6,172.8,214.0,0.0,0.4,95.2,339.6,-388.0,-15.6,4.8,-8880156.1,6.0,8880162.1,148002702.0
SM151,225.6,83.6,172.8,19.2,0.0,0.4,95.2,-120.0,66.8,-15.6,4.8,-8880355.8,6.0,8880361.8,148006031.0
SM152,225.6,83.6,2871.6,214.0,0.0,-36.8,-183.2,339.6,2871.6,2890.4,4.8,-8871606.8,4.0,8871610.8,221790269.0
SM153,225.6,83.6,-550.0,-128.4,0.0,0.4,-204.4,-1846.8,66.8,-15.6,4.8,-8883252.9,5.0,8883257.9,177665158.0
SM154,225.6,83.6,-550.0,-128.4,0.0,0.4,-204.4,-1846.8,66.8,-15.6,4.8,-8883252.9,5.0,8883257.9,177665158.0
SM155,225.6,83.6,172.8,214.0,0.0,-36.8,-204.4,339.6,66.8,-15.6,4.8,-8880038.1,5.0,8880043.1,177600862.0
SM156,225.6,83.6,172.8,214.0,0.0,-36.8,-204.4,339.6,66.8,-15.6,4.8,-8880038.1,5.0,8880043.1,177600862.0
SM157,225.6,83.6,172.8,214.0,0.0,-36.8,-204.4,339.6,66.8,-15.6,4.8,-8880038.1,5.0,8880043.1,177600862.0
SM158,225.6,83.6,172.8,214.0,0.0,-36.8,-204.4,339.6,66.8,-15.6,4.8,-8880038.1,5.0,8880043.1,177600862.0
SM159,225.6,83.6,-550.0,19.2,0.0,0.4,95.2,339.6,-351.2,-15.6,4.8,-8881037.0,5.0,8881042.0,177620841.0
SM160,-165.2,83.6,129.2,19.2,0.0,0.4,-204.4,339.6,-1607.6,-15.6,4.8,-8882304.6,6.0,8882310.6,148038510.0
SM161,225.6,-1901.2,-550.0,19.2,0.0,0.4,95.2,201.6,254.4,-15.6,4.8,-8882554.5,5.0,8882559.5,177651190.0
SM162,225.6,83.6,-550.0,-2088.8,0.0,0.4,95.2,339.6,254.4,594.4,4.8,-8881929.0,4.0,8881933.0,222048324.0
SM163,225.6,83.6,-550.0,-128.4,0.0,0.4,95.2,339.6,66.8,-15.6,4.8,-8880766.8,6.0,8880772.8,148012879.0
SM164,225.6,83.6,172.8,384.8,0.0,-36.8,-204.4,339.6,66.8,-294.4,4.8,-8880145.8,5.0,8880150.8,177603016.0
SM165,225.6,83.6,172.8,384.8,0.0,-36.8,-204.4,339.6,66.8,-294.4,4.8,-8880145.8,5.0,8880150.8,177603016.0
SM166,225.6,83.6,172.8,-128.4,0.0,0.4,-204.4,201.6,254.4,-15.6,4.8,-8880293.7,5.0,8880298.7,177605973.0
SM167,-165.2,83.6,129.2,19.2,0.0,0.4,-204.4,-120.0,66.8,-15.6,4.8,-8881089.9,5.0,8881094.9,177621898.0
SM168,225.6,83.6,-550.0,-128.4,0.0,0.4,95.2,-120.0,66.8,-294.4,4.8,-8881505.0,4.0,8881509.0,222037724.0
SM169,-165.2,83.6,-550.0,19.2,0.0,0.4,95.2,-820.4,66.8,-15.6,4.8,-8882170.1,6.0,8882176.1,148036269.0
SM170,225.6,83.6,172.8,-128.4,0.0,0.4,-183.2,339.6,433.6,1151.2,4.8,-8878788.2,5.0,8878793.2,177575865.0
SM171,225.6,-1901.2,-550.0,-128.4,0.0,0.4,95.2,339.6,66.8,-5541.2,4.8,-8888277.4,4.0,8888281.4,222207034.0
SM172,225.6,83.6,129.2,19.2,0.0,0.4,95.2,339.6,254.4,-15.6,4.8,-8879752.2,6.0,8879758.2,147995970.0
SM173,225.6,83.6,129.2,19.2,0.0,0.4,95.2,339.6,254.4,-15.6,4.8,-8879752.2,6.0,8879758.2,147995970.0
SM174,225.6,83.6,-550.0,19.2,0.0,0.4,95.2,201.6,66.8,-15.6,4.8,-8880757.1,6.0,8880763.1,148012719.0
SM175,225.6,83.6,172.8,19.2,0.0,0.4,95.2,201.6,66.8,-440.4,4.8,-8880458.7,5.0,8880463.7,177609274.0
SM176,225.6,83.6,-550.0,-128.4,0.0,0.4,95.2,-120.0,66.8,-15.6,4.8,-8881226.4,5.0,8881231.4,177624628.0
SM177,225.6,83.6,172.8,19.2,0.0,0.4,95.2,201.6,66.8,-440.4,4.8,-8880458.7,5.0,8880463.7,177609274.0
SM178,225.6,83.6,172.8,19.2,0.0,0.4,95.2,339.6,-1607.6,-15.6,4.8,-8881570.5,6.0,8881576.5,148026276.0
SM179,225.6,83.6,-550.0,88.8,0.0,0.4,95.2,339.6,-351.2,-15.6,4.8,-8880967.5,5.0,8880972.5,177619449.0
SM180,225.6,83.6,129.2,88.8,0.0,0.4,95.2,339.6,254.4,-15.6,4.8,-8879682.6,5.0,8879687.6,177593753.0
SM181,225.6,83.6,129.2,88.8,0.0,0.4,95.2,339.6,254.4,-15.6,4.8,-8879682.6,5.0,8879687.6,177593753.0
SM182,225.6,83.6,172.8,19.2,0.0,0.4,-204.4,339.6,393.6,594.4,4.8,-8879258.9,5.0,8879263.9,177585278.0
SM183,225.6,83.6,-550.0,88.8,0.0,0.4,95.2,339.6,66.8,-15.6,4.8,-8880549.6,5.0,8880554.6,177611091.0
SM184,-165.2,83.6,129.2,-128.4,0.0,0.4,-183.2,339.6,-388.0,-15.6,4.8,-8881211.2,5.0,8881216.2,177624325.0
SM185,-165.2,83.6,172.8,19.2,0.0,0.4,-183.2,339.6,-388.0,-15.6,4.8,-8881019.9,6.0,8881025.9,148017098.0
SM186,225.6,83.6,172.8,19.2,0.0,0.4,-204.4,339.6,254.4,-15.6,4.8,-8880008.0,5.0,8880013.0,177600260.0
SM187,225.6,83.6,172.8,19.2,0.0,0.4,-183.2,339.6,66.8,-15.6,4.8,-8880174.3,5.0,8880179.3,177603587.0
SM188,225.6,83.6,129.2,88.8,0.0,0.4,95.2,339.6,66.8,-294.4,4.8,-8880148.9,5.0,8880153.9,177603079.0
SM189,225.6,83.6,172.8,19.2,0.0,0.4,-204.4,339.6,254.4,-15.6,4.8,-8880008.0,5.0,8880013.0,177600260.0
SM190,225.6,83.6,172.8,19.2,0.0,0.4,-204.4,339.6,254.4,-15.6,4.8,-8880008.0,5.0,8880013.0,177600260.0
SM191,225.6,83.6,172.8,214.0,0.0,0.4,-204.4,339.6,254.4,-15.6,4.8,-8879813.2,5.0,8879818.2,177596365.0
SM192,-556.4,83.6,172.8,19.2,0.0,0.4,95.2,339.6,-1607.6,-15.6,4.8,-8882352.7,6.0,8882358.7,148039311.0
SM193,-165.2,83.6,129.2,214.0,0.0,0.4,-204.4,339.6,254.4,-15.6,4.8,-8880247.8,5.0,8880252.8,177605056.0
SM194,225.6,83.6,172.8,19.2,0.0,0.4,95.2,339.6,254.4,-15.6,4.8,-8879708.5,5.0,8879713.5,177594269.0
SM195,225.6,83.6,172.8,19.2,0.0,0.4,95.2,339.6,254.4,-15.6,4.8,-8879708.5,5.0,8879713.5,177594269.0
SM196,225.6,83.6,172.8,19.2,0.0,0.4,-204.4,339.6,254.4,-15.6,4.8,-8880008.0,5.0,8880013.0,177600260.0
SM197,225.6,83.6,172.8,88.8,0.0,0.4,95.2,339.6,66.8,-15.6,4.8,-8879826.6,5.0,8879831.6,177596633.0
SM198,225.6,83.6,172.8,19.2,0.0,0.4,95.2,339.6,393.6,252.8,4.8,-8879300.9,6.0,8879306.9,147988449.0
SM199,-6722.8,-1901.2,-550.0,-3336.8,0.0,0.4,-204.4,-9173.2,-1607.6,-15.6,4.8,-8904395.3,7.0,8904402.3,127205747.0
SM200,225.6,-1901.2,-550.0,19.2,0.0,0.4,95.2,-1846.8,-388.0,-1975.2,4.8,-8887204.8,4.0,8887208.8,222180221.0
SM201,225.6,83.6,172.8,-2088.8,0.0,0.4,95.2,339.6,254.4,-15.6,4.8,-8881816.3,7.0,8881823.3,126883190.0
SM202,225.6,83.6,172.8,19.2,0.0,-36.8,-204.4,339.6,433.6,594.4,4.8,-8879255.8,5.0,8879260.8,177585217.0
SM203,-165.2,83.6,129.2,-128.4,0.0,0.4,95.2,-820.4,66.8,-15.6,4.8,-8881638.6,5.0,8881643.6,177632872.0
SM204,225.6,83.6,172.8,-128.4,0.0,0.4,95.2,201.6,66.8,-15.6,4.8,-8880181.8,5.0,8880186.8,177603737.0
SM205,225.6,83.6,172.8,-128.4,0.0,0.4,95.2,201.6,66.8,-15.6,4.8,-8880181.8,6.0,8880187.8,148003131.0
SM206,225.6,83.6,172.8,88.8,0.0,0.4,95.2,339.6,254.4,-15.6,4.8,-8879638.9,7.0,8879645.9,126852084.0
SM207,225.6,83.6,172.8,88.8,0.0,0.4,95.2,339.6,254.4,-15.6,4.8,-8879638.9,7.0,8879645.9,126852084.0
SM208,225.6,83.6,172.8,-128.4,0.0,0.4,-204.4,339.6,254.4,-15.6,4.8,-8880155.7,5.0,8880160.7,177603213.0
SM209,225.6,83.6,172.8,214.0,0.0,0.4,-204.4,339.6,254.4,-15.6,4.8,-8879813.2,5.0,8879818.2,177596365.0
SM210,225.6,83.6,172.8,19.2,0.0,0.4,95.2,339.6,66.8,-15.6,4.8,-8879896.2,7.0,8879903.2,126855760.0
SM211,225.6,83.6,172.8,19.2,0.0,0.4,95.2,-120.0,66.8,-15.6,4.8,-8880355.8,6.0,8880361.8,148006031.0
SM212,225.6,83.6,172.8,214.0,0.0,0.4,-183.2,339.6,66.8,-15.6,4.8,-8879979.6,6.0,8879985.6,147999760.0
SM213,225.6,83.6,172.8,19.2,0.0,0.4,95.2,339.6,254.4,-15.6,4.8,-8879708.5,6.0,8879714.5,147995241.0
SM214,225.6,83.6,172.8,19.2,0.0,-36.8,-183.2,201.6,66.8,-1975.2,4.8,-8882308.8,5.0,8882313.8,177646276.0
SM215,225.6,83.6,-550.0,88.8,0.0,0.4,95.2,339.6,254.4,-15.6,4.8,-8880361.8,6.0,8880367.8,148006130.0
SM216,225.6,83.6,172.8,214.0,0.0,0.4,-204.4,339.6,66.8,-15.6,4.8,-8880001.0,5.0,8880006.0,177600120.0
SM217,225.6,83.6,129.2,19.2,0.0,0.4,95.2,201.6,393.6,-15.6,4.8,-8879751.3,5.0,8879756.3,177595126.0
SM218,225.6,83.6,172.8,19.2,0.0,0.4,95.2,339.6,66.8,-15.6,4.8,-8879896.2,5.0,8879901.2,177598024.0
SM219,225.6,83.6,129.2,19.2,0.0,0.4,95.2,-120.0,66.8,-15.6,4.8,-8880399.6,5.0,8880404.6,177608091.0
SM220,225.6,83.6,172.8,88.8,0.0,0.4,-204.4,339.6,66.8,-15.6,4.8,-8880126.2,5.0,8880131.2,177602624.0
SM221,225.6,83.6,172.8,19.2,0.0,0.4,95.2,339.6,66.8,-15.6,4.8,-8879896.2,6.0,8879902.2,147998370.0
SM222,225.6,83.6,172.8,19.2,0.0,0.4,-183.2,-120.0,393.6,-15.6,4.8,-8880307.3,5.0,8880312.3,177606247.0
SM223,-165.2,83.6,-550.0,-128.4,0.0,0.4,95.2,-1829.6,66.8,-15.6,4.8,-8883326.6,5.0,8883331.6,177666632.0
SM224,225.6,83.6,172.8,19.2,0.0,0.4,95.2,339.6,254.4,-15.6,4.8,-8879708.5,6.0,8879714.5,147995241.0
SM225,225.6,83.6,172.8,19.2,0.0,0.4,95.2,339.6,66.8,-15.6,4.8,-8879896.2,4.0,8879900.2,221997505.0
SM226,225.6,83.6,172.8,88.8,0.0,-36.8,-183.2,201.6,66.8,-15.6,4.8,-8880279.9,6.0,8880285.9,148004765.0
SM227,225.6,83.6,172.8,19.2,0.0,-36.8,-183.2,339.6,433.6,1151.2,4.8,-8878677.7,6.0,8878683.7,147978062.0
SM228,225.6,1.6,129.2,88.8,0.0,0.4,95.2,339.6,66.8,-15.6,4.8,-8879952.4,5.0,8879957.4,177599148.0
SM229,225.6,83.6,172.8,88.8,0.0,-36.8,-183.2,201.6,66.8,-15.6,4.8,-8880279.9,6.0,8880285.9,148004765.0
SM230,225.6,83.6,172.8,88.8,0.0,0.4,95.2,339.6,66.8,-15.6,4.8,-8879826.6,5.0,8879831.6,177596633.0
SM231,-6722.8,83.6,-550.0,-128.4,0.0,0.4,-204.4,-6480.0,-388.0,-15.6,4.8,-8895288.8,7.0,8895295.8,127075655.0
SM232,225.6,83.6,-550.0,-128.4,0.0,0.4,95.2,339.6,66.8,-15.6,4.8,-8880766.8,6.0,8880772.8,148012879.0
SM233,225.6,83.6,129.2,214.0,0.0,0.4,95.2,339.6,66.8,-15.6,4.8,-8879745.2,6.0,8879751.2,147995853.0
SM234,225.6,83.6,172.8,88.8,0.0,0.4,95.2,339.6,66.8,-15.6,4.8,-8879826.6,5.0,8879831.6,177596633.0
SM235,225.6,-1901.2,-550.0,19.2,0.0,0.4,95.2,339.6,66.8,-15.6,4.8,-8882604.2,6.0,8882610.2,148043503.0
SM236,225.6,83.6,-550.0,19.2,0.0,0.4,95.2,339.6,66.8,-15.6,4.8,-8880619.1,6.0,8880625.1,148010419.0
SM237,225.6,83.6,-550.0,19.2,0.0,0.4,95.2,339.6,66.8,-15.6,4.8,-8880619.1,6.0,8880625.1,148010419.0
SM238,225.6,83.6,-550.0,19.2,0.0,0.4,95.2,339.6,66.8,-15.6,4.8,-8880619.1,6.0,8880625.1,148010419.0
SM239,225.6,83.6,-550.0,19.2,0.0,0.4,95.2,339.6,66.8,-15.6,4.8,-8880619.1,6.0,8880625.1,148010419.0
SM240,225.6,-1901.2,-550.0,19.2,0.0,0.4,95.2,339.6,66.8,-15.6,4.8,-8882604.2,6.0,8882610.2,148043503.0
SM241,225.6,83.6,172.8,-128.4,0.0,0.4,-183.2,339.6,433.6,594.4,4.8,-8879344.9,5.0,8879349.9,177586999.0
SM242,225.6,83.6,172.8,19.2,0.0,0.4,95.2,339.6,393.6,-15.6,4.8,-8879569.6,6.0,8879575.6,147992926.0
SM243,225.6,83.6,129.2,-128.4,0.0,-36.8,-204.4,-120.0,393.6,-294.4,4.8,-8880835.8,6.0,8880841.8,148014031.0
SM244,239.6,214.0,172.8,19.2,0.0,0.4,95.2,339.6,393.6,-15.6,4.8,-8879425.5,7.0,8879432.5,126849036.0
SM245,239.6,214.0,172.8,19.2,0.0,0.4,95.2,339.6,393.6,-15.6,4.8,-8879425.5,7.0,8879432.5,126849036.0
SM246,225.6,83.6,-550.0,19.2,0.0,0.4,95.2,339.6,-1607.6,252.8,4.8,-8882024.8,6.0,8882030.8,148033847.0
SM247,225.6,83.6,-550.0,19.2,0.0,0.4,95.2,339.6,66.8,-15.6,4.8,-8880619.1,5.0,8880624.1,177612482.0
SM248,225.6,83.6,129.2,19.2,0.0,0.4,-183.2,339.6,254.4,-440.4,4.8,-8880454.9,5.0,8880459.9,177609197.0
SM249,225.6,83.6,-550.0,-128.4,0.0,0.4,95.2,201.6,66.8,-294.4,4.8,-8881183.3,6.0,8881189.3,148019822.0
SM250,225.6,83.6,-550.0,19.2,0.0,0.4,95.2,339.6,-1607.6,252.8,4.8,-8882024.8,6.0,8882030.8,148033847.0
SM251,225.6,83.6,172.8,-128.4,0.0,0.4,95.2,339.6,254.4,-15.6,4.8,-8879856.1,6.0,8879862.1,147997702.0
SM252,225.6,83.6,-550.0,-128.4,0.0,0.4,95.2,339.6,66.8,-15.6,4.8,-8880766.8,6.0,8880772.8,148012879.0
SM253,225.6,83.6,172.8,214.0,0.0,0.4,95.2,339.6,254.4,-15.6,4.8,-8879513.7,5.0,8879518.7,177590374.0
SM254,225.6,83.6,172.8,19.2,0.0,0.4,-204.4,201.6,254.4,-15.6,4.8,-8880146.0,5.0,8880151.0,177603020.0
SM255,225.6,83.6,-550.0,-128.4,0.0,0.4,95.2,339.6,66.8,-15.6,4.8,-8880766.8,6.0,8880772.8,148012879.0
SM256,225.6,83.6,172.8,214.0,0.0,0.4,-204.4,339.6,254.4,-15.6,4.8,-8879813.2,5.0,8879818.2,177596365.0
SM257,225.6,83.6,172.8,19.2,0.0,0.4,95.2,339.6,254.4,-15.6,4.8,-8879708.5,5.0,8879713.5,177594269.0
SM258,-165.2,83.6,-550.0,19.2,0.0,0.4,95.2,339.6,-388.0,-15.6,4.8,-8881464.6,5.0,8881469.6,177629393.0
SM259,225.6,83.6,172.8,-128.4,0.0,0.4,95.2,339.6,393.6,1151.2,4.8,-8878550.3,5.0,8878555.3,177571106.0
SM260,225.6,83.6,172.8,88.8,0.0,0.4,95.2,339.6,66.8,-15.6,4.8,-8879826.6,7.0,8879833.6,126854766.0
SM261,225.6,83.6,172.8,-128.4,0.0,0.4,95.2,339.6,254.4,-15.6,4.8,-8879856.1,5.0,8879861.1,177597222.0
SM262,225.6,-1901.2,-550.0,19.2,0.0,0.4,-183.2,-120.0,66.8,-15.6,4.8,-8883342.0,4.0,8883346.0,222083650.0
SM263,225.6,83.6,-550.0,-128.4,0.0,0.4,95.2,-120.0,66.8,-15.6,4.8,-8881226.4,5.0,8881231.4,177624628.0
SM264,225.6,83.6,172.8,-128.4,0.0,0.4,95.2,339.6,254.4,-15.6,4.8,-8879856.1,5.0,8879861.1,177597222.0
SM265,225.6,83.6,172.8,88.8,0.0,0.4,95.2,339.6,393.6,-15.6,4.8,-8879500.0,5.0,8879505.0,177590100.0
SM266,225.6,130.0,172.8,-128.4,0.0,0.4,95.2,339.6,254.4,-15.6,4.8,-8879810.0,7.0,8879817.0,126854528.0
SM267,225.6,-1901.2,-550.0,214.0,0.0,0.4,-183.2,339.6,-1607.6,-15.6,4.8,-8884361.9,4.0,8884365.9,222109148.0
SM268,225.6,83.6,172.8,214.0,0.0,0.4,95.2,339.6,66.8,-15.6,4.8,-8879701.4,8.0,8879709.4,110996368.0
SM269,225.6,83.6,-550.0,214.0,0.0,0.4,95.2,339.6,-4628.0,252.8,4.8,-8884850.7,6.0,8884856.7,148080945.0
SM270,225.6,566.8,172.8,214.0,0.0,0.4,95.2,339.6,254.4,252.8,4.8,-8878761.7,6.0,8878767.7,147979462.0
SM271,225.6,83.6,-550.0,214.0,0.0,-36.8,-183.2,339.6,66.8,-15.6,4.8,-8880739.6,6.0,8880745.6,148012427.0
SM272,225.6,566.8,172.8,214.0,0.0,0.4,95.2,339.6,254.4,252.8,4.8,-8878761.7,6.0,8878767.7,147979462.0
SM273,225.6,83.6,172.8,214.0,0.0,0.4,-183.2,339.6,254.4,-15.6,4.8,-8879791.8,5.0,8879796.8,177595937.0
SM274,225.6,83.6,129.2,88.8,0.0,0.4,95.2,339.6,66.8,-15.6,4.8,-8879870.4,5.0,8879875.4,177597507.0
SM275,225.6,83.6,129.2,384.8,0.0,-36.8,-204.4,339.6,66.8,-15.6,4.8,-8879911.0,5.0,8879916.0,177598319.0
SM276,225.6,83.6,-550.0,214.0,0.0,-36.8,-183.2,339.6,66.8,-15.6,4.8,-8880739.6,6.0,8880745.6,148012427.0
SM277,225.6,83.6,-550.0,214.0,0.0,0.4,95.2,339.6,-4628.0,252.8,4.8,-8884850.7,6.0,8884856.7,148080945.0
SM278,225.6,566.8,172.8,214.0,0.0,0.4,95.2,339.6,254.4,252.8,4.8,-8878761.7,6.0,8878767.7,147979462.0
SM279,225.6,83.6,172.8,214.0,0.0,0.4,95.2,339.6,254.4,-15.6,4.8,-8879513.7,8.0,8879521.7,110994021.0
SM280,225.6,83.6,172.8,214.0,0.0,0.4,95.2,339.6,66.8,-15.6,4.8,-8879701.4,7.0,8879708.4,126852978.0
SM281,225.6,130.0,172.8,214.0,0.0,0.4,95.2,339.6,393.6,-15.6,4.8,-8879328.7,6.0,8879334.7,147988911.0
SM282,225.6,130.0,172.8,214.0,0.0,0.4,95.2,339.6,254.4,594.4,4.8,-8878857.3,7.0,8878864.3,126840919.0
SM283,225.6,83.6,129.2,214.0,0.0,0.4,95.2,339.6,66.8,-15.6,4.8,-8879745.2,5.0,8879750.2,177595003.0
SM284,225.6,83.6,172.8,214.0,0.0,0.4,95.2,339.6,66.8,-15.6,4.8,-8879701.4,7.0,8879708.4,126852978.0
SM285,225.6,83.6,-550.0,214.0,0.0,-36.8,-183.2,339.6,66.8,-15.6,4.8,-8880739.6,5.0,8880744.6,177614893.0
SM286,225.6,83.6,-550.0,214.0,0.0,-36.8,-183.2,339.6,66.8,-15.6,4.8,-8880739.6,5.0,8880744.6,177614893.0
SM287,225.6,83.6,172.8,19.2,0.0,0.4,95.2,339.6,393.6,-15.6,4.8,-8879569.6,6.0,8879575.6,147992926.0
SM288,225.6,83.6,129.2,214.0,0.0,-36.8,95.2,339.6,66.8,-15.6,4.8,-8879782.3,6.0,8879788.3,147996472.0
SM289,225.6,83.6,-550.0,88.8,0.0,0.4,95.2,339.6,66.8,-15.6,4.8,-8880549.6,7.0,8880556.6,126865094.0
SM290,225.6,83.6,172.8,214.0,0.0,-36.8,-204.4,339.6,254.4,252.8,4.8,-8879581.7,5.0,8879586.7,177591735.0
SM291,225.6,83.6,-550.0,88.8,0.0,0.4,95.2,339.6,66.8,-15.6,4.8,-8880549.6,7.0,8880556.6,126865094.0
SM292,225.6,566.8,172.8,19.2,0.0,0.4,95.2,339.6,66.8,-15.6,4.8,-8879412.9,5.0,8879417.9,177588358.0
SM293,225.6,83.6,172.8,214.0,0.0,0.4,95.2,339.6,254.4,-15.6,4.8,-8879513.7,6.0,8879519.7,147991995.0
SM294,225.6,83.6,172.8,88.8,0.0,0.4,95.2,339.6,66.8,-15.6,4.8,-8879826.6,6.0,8879832.6,147997211.0
SM295,225.6,83.6,172.8,214.0,0.0,0.4,95.2,339.6,433.6,-15.6,4.8,-8879334.6,6.0,8879340.6,147989010.0
SM296,225.6,83.6,172.8,88.8,0.0,0.4,95.2,339.6,433.6,-15.6,4.8,-8879459.8,5.0,8879464.8,177589296.0
SM297,225.6,1.6,172.8,88.8,0.0,0.4,-183.2,339.6,393.6,-15.6,4.8,-8879860.2,5.0,8879865.2,177597303.0
SM298,225.6,83.6,-550.0,19.2,0.0,0.4,95.2,339.6,-4588.0,-15.6,4.8,-8885274.0,5.0,8885279.0,177705581.0
SM299,225.6,83.6,-550.0,19.2,0.0,0.4,95.2,339.6,-4588.0,-15.6,4.8,-8885274.0,5.0,8885279.0,177705581.0
SM300,225.6,83.6,-550.0,19.2,0.0,0.4,95.2,339.6,-4628.0,-15.6,4.8,-8885314.1,5.0,8885319.1,177706383.0
SM301,225.6,83.6,-550.0,88.8,0.0,0.4,95.2,339.6,66.8,-15.6,4.8,-8880549.6,6.0,8880555.6,148009259.0
SM302,225.6,566.8,172.8,-128.4,0.0,0.4,95.2,339.6,254.4,-15.6,4.8,-8879372.8,6.0,8879378.8,147989647.0
SM303,225.6,83.6,129.2,88.8,0.0,0.4,95.2,339.6,-388.0,-15.6,4.8,-8880325.1,5.0,8880330.1,177606602.0
SM304,225.6,83.6,129.2,-128.4,0.0,0.4,95.2,201.6,66.8,-15.6,4.8,-8880225.6,5.0,8880230.6,177604612.0
SM305,225.6,83.6,172.8,19.2,0.0,0.4,-204.4,339.6,254.4,-15.6,4.8,-8880008.0,5.0,8880013.0,177600260.0
SM306,225.6,83.6,172.8,88.8,0.0,0.4,95.2,339.6,393.6,-15.6,4.8,-8879500.0,6.0,8879506.0,147991767.0
SM307,225.6,83.6,172.8,19.2,0.0,0.4,95.2,339.6,66.8,-15.6,4.8,-8879896.2,5.0,8879901.2,177598024.0
SM308,225.6,83.6,172.8,88.8,0.0,0.4,95.2,339.6,254.4,-15.6,4.8,-8879638.9,6.0,8879644.9,147994082.0
SM309,225.6,83.6,172.8,88.8,0.0,0.4,95.2,339.6,254.4,-15.6,4.8,-8879638.9,6.0,8879644.9,147994082.0
SM310,225.6,130.0,172.8,-128.4,0.0,0.4,95.2,339.6,66.8,-15.6,4.8,-8879997.7,6.0,8880003.7,148000062.0
SM311,225.6,83.6,172.8,88.8,0.0,0.4,95.2,339.6,393.6,-15.6,4.8,-8879500.0,6.0,8879506.0,147991767.0
SM312,225.6,83.6,172.8,19.2,0.0,0.4,-204.4,201.6,254.4,-15.6,4.8,-8880146.0,6.0,8880152.0,148002534.0
SM313,225.6,83.6,172.8,214.0,0.0,0.4,-204.4,339.6,66.8,-15.6,4.8,-8880001.0,6.0,8880007.0,148000116.0
SM314,225.6,83.6,172.8,214.0,0.0,-36.8,-204.4,339.6,66.8,-15.6,4.8,-8880038.1,5.0,8880043.1,177600862.0
SM315,225.6,83.6,172.8,88.8,0.0,0.4,-183.2,339.6,66.8,-15.6,4.8,-8880104.8,5.0,8880109.8,177602195.0
SM316,225.6,83.6,172.8,88.8,0.0,0.4,95.2,201.6,66.8,-15.6,4.8,-8879964.6,6.0,8879970.6,147999511.0
SM317,225.6,83.6,172.8,214.0,0.0,-36.8,-204.4,339.6,66.8,-15.6,4.8,-8880038.1,5.0,8880043.1,177600862.0
SM318,225.6,83.6,129.2,214.0,0.0,-36.8,-183.2,339.6,66.8,-15.6,4.8,-8880060.4,6.0,8880066.4,148001107.0
SM319,225.6,83.6,172.8,214.0,0.0,0.4,95.2,339.6,66.8,-15.6,4.8,-8879701.4,7.0,8879708.4,126852978.0
SM320,225.6,83.6,129.2,214.0,0.0,-36.8,-183.2,339.6,66.8,-15.6,4.8,-8880060.4,6.0,8880066.4,148001107.0
SM321,225.6,83.6,172.8,214.0,0.0,0.4,95.2,339.6,66.8,-15.6,4.8,-8879701.4,7.0,8879708.4,126852978.0
SM322,225.6,83.6,172.8,214.0,0.0,0.4,-204.4,339.6,254.4,-15.6,4.8,-8879813.2,5.0,8879818.2,177596365.0
SM323,225.6,83.6,-550.0,19.2,0.0,0.4,95.2,339.6,254.4,-15.6,4.8,-8880431.4,5.0,8880436.4,177608728.0
SM324,225.6,83.6,172.8,214.0,0.0,-36.8,-183.2,339.6,254.4,-15.6,4.8,-8879829.0,6.0,8879835.0,147997250.0
SM325,225.6,83.6,129.2,449.6,0.0,0.4,95.2,339.6,393.6,-15.6,4.8,-8879182.7,6.0,8879188.7,147986479.0
SM326,225.6,83.6,129.2,449.6,0.0,0.4,95.2,339.6,393.6,-15.6,4.8,-8879182.7,6.0,8879188.7,147986479.0
SM327,225.6,83.6,172.8,214.0,0.0,0.4,95.2,339.6,433.6,-15.6,4.8,-8879334.6,7.0,8879341.6,126847737.0
SM328,225.6,83.6,172.8,214.0,0.0,0.4,95.2,339.6,254.4,-15.6,4.8,-8879513.7,5.0,8879518.7,177590374.0
SM329,225.6,130.0,172.8,88.8,0.0,0.4,95.2,339.6,393.6,-15.6,4.8,-8879453.9,6.0,8879459.9,147990998.0
SM330,225.6,83.6,172.8,19.2,0.0,0.4,95.2,339.6,254.4,-15.6,4.8,-8879708.5,5.0,8879713.5,177594269.0
SM331,225.6,83.6,172.8,214.0,0.0,0.4,95.2,339.6,254.4,-15.6,4.8,-8879513.7,6.0,8879519.7,147991995.0
SM332,225.6,83.6,172.8,214.0,0.0,0.4,95.2,339.6,254.4,-15.6,4.8,-8879513.7,6.0,8879519.7,147991995.0
SM333,225.6,83.6,172.8,214.0,0.0,0.4,-204.4,339.6,254.4,-15.6,4.8,-8879813.2,6.0,8879819.2,147996987.0
SM334,225.6,83.6,-550.0,19.2,0.0,0.4,95.2,-120.0,393.6,-15.6,4.8,-8880752.1,5.0,8880757.1,177615142.0
SM335,225.6,83.6,-550.0,88.8,0.0,0.4,95.2,339.6,66.8,-15.6,4.8,-8880549.6,7.0,8880556.6,126865094.0
SM336,225.6,83.6,172.8,214.0,0.0,0.4,95.2,339.6,254.4,-15.6,4.8,-8879513.7,7.0,8879520.7,126850296.0
SM337,225.6,83.6,172.8,19.2,0.0,0.4,95.2,-1846.8,66.8,-15.6,4.8,-8882082.8,6.0,8882088.8,148034813.0
SM338,225.6,83.6,172.8,214.0,0.0,-36.8,95.2,339.6,66.8,-15.6,4.8,-8879738.6,5.0,8879743.6,177594871.0
SM339,225.6,83.6,172.8,214.0,0.0,-36.8,-204.4,339.6,393.6,350.0,4.8,-8879345.5,6.0,8879351.5,147989192.0
SM340,225.6,130.0,172.8,19.2,0.0,0.4,95.2,339.6,393.6,1151.2,4.8,-8878356.5,7.0,8878363.5,126833764.0
SM341,225.6,83.6,172.8,88.8,0.0,0.4,95.2,339.6,393.6,594.4,4.8,-8878889.8,6.0,8878895.8,147981596.0
SM342,225.6,83.6,172.8,214.0,0.0,0.4,95.2,339.6,254.4,-15.6,4.8,-8879513.7,6.0,8879519.7,147991995.0
SM343,225.6,83.6,172.8,-128.4,0.0,0.4,95.2,339.6,66.8,-15.6,4.8,-8880043.8,6.0,8880049.8,148000831.0
SM344,225.6,83.6,172.8,-128.4,0.0,0.4,95.2,339.6,66.8,-15.6,4.8,-8880043.8,6.0,8880049.8,148000831.0
SM345,225.6,83.6,172.8,88.8,0.0,0.4,95.2,339.6,393.6,-15.6,4.8,-8879500.0,6.0,8879506.0,147991767.0
SM346,225.6,83.6,-550.0,19.2,0.0,-36.8,-183.2,339.6,-1607.6,-15.6,4.8,-8882608.7,5.0,8882613.7,177652275.0
SM347,-165.2,1.6,-550.0,214.0,0.0,0.4,95.2,-820.4,-1607.6,-15.6,4.8,-8883731.7,7.0,8883738.7,126910553.0
SM348,225.6,83.6,172.8,214.0,0.0,0.4,95.2,339.6,433.6,252.8,4.8,-8879066.0,6.0,8879072.0,147984533.0
SM349,225.6,83.6,172.8,214.0,0.0,0.4,95.2,339.6,393.6,252.8,4.8,-8879106.2,6.0,8879112.2,147985203.0
SM350,225.6,83.6,-550.0,88.8,0.0,0.4,95.2,339.6,66.8,-15.6,4.8,-8880549.6,6.0,8880555.6,148009259.0
SM351,225.6,83.6,172.8,214.0,0.0,0.4,95.2,339.6,254.4,252.8,4.8,-8879245.1,6.0,8879251.1,147987518.0
SM352,225.6,83.6,-550.0,88.8,0.0,0.4,95.2,339.6,66.8,-15.6,4.8,-8880549.6,6.0,8880555.6,148009259.0
SM353,225.6,83.6,-550.0,88.8,0.0,0.4,95.2,339.6,254.4,-15.6,4.8,-8880361.8,5.0,8880366.8,177607336.0
SM354,225.6,83.6,172.8,214.0,0.0,0.4,-183.2,339.6,254.4,-15.6,4.8,-8879791.8,5.0,8879796.8,177595937.0
SM355,-556.4,214.0,172.8,-2088.8,0.0,-36.8,-1083.2,-9173.2,254.4,-15.6,4.8,-8893196.6,6.0,8893202.6,148220044.0
SM356,-165.2,83.6,-550.0,88.8,0.0,0.4,95.2,-820.4,-1001.6,-15.6,4.8,-8883168.8,6.0,8883174.8,148052914.0
SM357,225.6,83.6,172.8,214.0,0.0,-36.8,95.2,339.6,254.4,-15.6,4.8,-8879550.8,5.0,8879555.8,177591117.0
SM358,225.6,83.6,172.8,214.0,0.0,0.4,95.2,339.6,254.4,-15.6,4.8,-8879513.7,7.0,8879520.7,126850296.0
SM359,225.6,83.6,172.8,214.0,0.0,0.4,95.2,339.6,393.6,-15.6,4.8,-8879374.8,7.0,8879381.8,126848311.0
SM360,225.6,83.6,172.8,88.8,0.0,0.4,95.2,339.6,254.4,-15.6,4.8,-8879638.9,6.0,8879644.9,147994082.0
SM361,225.6,83.6,172.8,19.2,0.0,0.4,-183.2,339.6,254.4,-15.6,4.8,-8879986.6,5.0,8879991.6,177599832.0
SM362,225.6,83.6,172.8,88.8,0.0,0.4,95.2,339.6,66.8,252.8,4.8,-8879558.0,6.0,8879564.0,147992733.0
SM363,225.6,83.6,172.8,88.8,0.0,0.4,95.2,339.6,433.6,-15.6,4.8,-8879459.8,5.0,8879464.8,177589296.0
SM364,225.6,83.6,172.8,19.2,0.0,0.4,95.2,339.6,433.6,-15.6,4.8,-8879529.4,5.0,8879534.4,177590688.0
SM365,225.6,83.6,172.8,214.0,0.0,0.4,95.2,357.2,393.6,-15.6,4.8,-8879357.1,7.0,8879364.1,126848059.0
SM366,225.6,83.6,172.8,214.0,0.0,0.4,95.2,339.6,254.4,252.8,4.8,-8879245.1,6.0,8879251.1,147987518.0
SM367,225.6,83.6,172.8,214.0,0.0,0.4,95.2,357.2,393.6,-15.6,4.8,-8879357.1,7.0,8879364.1,126848059.0
SM368,225.6,83.6,172.8,88.8,0.0,0.4,95.2,339.6,393.6,-15.6,4.8,-8879500.0,5.0,8879505.0,177590100.0
SM369,225.6,83.6,172.8,214.0,0.0,0.4,-183.2,339.6,254.4,-15.6,4.8,-8879791.8,5.0,8879796.8,177595937.0
SM370,225.6,130.0,172.8,88.8,0.0,0.4,95.2,201.6,254.4,594.4,4.8,-8879120.5,7.0,8879127.5,126844679.0
SM371,225.6,83.6,-550.0,19.2,0.0,-36.8,-183.2,339.6,-1607.6,-15.6,4.8,-8882608.7,5.0,8882613.7,177652275.0
SM372,225.6,130.0,172.8,-128.4,0.0,0.4,95.2,339.6,66.8,-15.6,-2438.4,-8882440.9,6.0,8882446.9,148040782.0
SM373,225.6,130.0,172.8,-128.4,0.0,0.4,95.2,339.6,66.8,594.4,4.8,-8879387.5,6.0,8879393.5,147989891.0
SM374,225.6,83.6,172.8,19.2,0.0,0.4,-183.2,201.6,433.6,-15.6,4.8,-8879945.5,5.0,8879950.5,177599011.0
SM375,239.6,83.6,172.8,214.0,0.0,0.4,95.2,339.6,433.6,-15.6,4.8,-8879320.6,6.0,8879326.6,147988777.0
SM376,225.6,83.6,172.8,214.0,0.0,0.4,95.2,339.6,433.6,-15.6,4.8,-8879334.6,7.0,8879341.6,126847737.0
SM377,225.6,83.6,172.8,214.0,0.0,0.4,95.2,339.6,254.4,594.4,4.8,-8878903.5,6.0,8878909.5,147981824.0
SM378,225.6,130.0,172.8,88.8,0.0,0.4,95.2,201.6,254.4,594.4,4.8,-8879120.5,7.0,8879127.5,126844679.0
SM379,225.6,83.6,172.8,214.0,0.0,0.4,95.2,339.6,393.6,252.8,4.8,-8879106.2,6.0,8879112.2,147985203.0
SM380,225.6,83.6,172.8,88.8,0.0,0.4,-183.2,339.6,66.8,-15.6,4.8,-8880104.8,6.0,8880110.8,148001846.0
SM381,225.6,130.0,172.8,19.2,0.0,0.4,95.2,339.6,254.4,-15.6,4.8,-8879662.3,6.0,8879668.3,147994472.0
SM382,225.6,83.6,172.8,214.0,0.0,0.4,95.2,339.6,393.6,-15.6,4.8,-8879374.8,6.0,8879380.8,147989680.0
SM383,225.6,130.0,172.8,19.2,0.0,0.4,95.2,339.6,254.4,-15.6,4.8,-8879662.3,6.0,8879668.3,147994472.0
SM384,225.6,130.0,172.8,19.2,0.0,0.4,95.2,339.6,254.4,-15.6,4.8,-8879662.3,6.0,8879668.3,147994472.0
SM385,225.6,83.6,172.8,19.2,0.0,0.4,95.2,339.6,66.8,-15.6,4.8,-8879896.2,5.0,8879901.2,177598024.0
SM386,225.6,83.6,-550.0,88.8,0.0,0.4,95.2,339.6,66.8,-15.6,4.8,-8880549.6,6.0,8880555.6,148009259.0
SM387,225.6,83.6,172.8,19.2,0.0,0.4,95.2,339.6,66.8,-15.6,4.8,-8879896.2,6.0,8879902.2,147998370.0
SM388,225.6,83.6,129.2,19.2,0.0,0.4,95.2,339.6,66.8,-15.6,4.8,-8879939.9,6.0,8879945.9,147999099.0
SM389,225.6,83.6,172.8,19.2,0.0,0.4,95.2,339.6,66.8,-15.6,4.8,-8879896.2,6.0,8879902.2,147998370.0
SM390,225.6,83.6,172.8,88.8,0.0,0.4,95.2,339.6,254.4,-15.6,4.8,-8879638.9,7.0,8879645.9,126852084.0
SM391,-5733.6,-1901.2,-550.0,-2088.8,0.0,0.4,-204.4,-9173.2,-1607.6,-15.6,4.8,-8902158.4,8.0,8902166.4,111277080.0
SM392,225.6,83.6,172.8,214.0,0.0,0.4,95.2,339.6,393.6,-15.6,4.8,-8879374.8,6.0,8879380.8,147989680.0
SM393,225.6,83.6,172.8,19.2,0.0,0.4,95.2,339.6,254.4,-15.6,4.8,-8879708.5,5.0,8879713.5,177594269.0
SM394,225.6,83.6,172.8,19.2,0.0,0.4,-204.4,339.6,393.6,-15.6,4.8,-8879869.1,5.0,8879874.1,177597482.0
SM395,225.6,83.6,172.8,19.2,0.0,0.4,95.2,339.6,433.6,-15.6,4.8,-8879529.4,5.0,8879534.4,177590688.0
SM396,225.6,83.6,172.8,214.0,0.0,0.4,95.2,339.6,254.4,-15.6,4.8,-8879513.7,7.0,8879520.7,126850296.0
SM397,-165.2,83.6,-550.0,384.8,0.0,-36.8,-204.4,339.6,66.8,-15.6,4.8,-8880980.9,5.0,8880985.9,177619719.0
SM398,225.6,83.6,172.8,88.8,0.0,0.4,95.2,339.6,254.4,-15.6,4.8,-8879638.9,6.0,8879644.9,147994082.0
SM399,225.6,83.6,172.8,88.8,0.0,0.4,95.2,339.6,254.4,-15.6,4.8,-8879638.9,6.0,8879644.9,147994082.0
SM400,225.6,83.6,172.8,19.2,0.0,0.4,95.2,339.6,393.6,-15.6,4.8,-8879569.6,5.0,8879574.6,177591491.0
SM401,-165.2,83.6,-550.0,384.8,0.0,-36.8,-204.4,339.6,66.8,-15.6,4.8,-8880980.9,5.0,8880985.9,177619719.0
SM402,225.6,130.0,172.8,-128.4,0.0,0.4,95.2,-1846.8,254.4,-440.4,4.8,-8882421.1,6.0,8882427.1,148040451.0
SM403,225.6,83.6,172.8,88.8,0.0,0.4,-183.2,339.6,393.6,-15.6,4.8,-8879778.1,6.0,8879784.1,147996402.0
SM404,225.6,83.6,172.8,214.0,0.0,0.4,95.2,339.6,393.6,-15.6,4.8,-8879374.8,6.0,8879380.8,147989680.0
SM405,225.6,83.6,-550.0,214.0,0.0,0.4,95.2,339.6,254.4,-15.6,4.8,-8880236.6,5.0,8880241.6,177604832.0
SM406,225.6,83.6,172.8,-2088.8,0.0,0.4,95.2,339.6,66.8,-15.6,4.8,-8882004.0,6.0,8882010.0,148033501.0
SM407,225.6,83.6,172.8,88.8,0.0,0.4,95.2,339.6,254.4,-15.6,4.8,-8879638.9,6.0,8879644.9,147994082.0
SM408,225.6,83.6,172.8,214.0,0.0,0.4,95.2,339.6,254.4,-15.6,4.8,-8879513.7,7.0,8879520.7,126850296.0
SM409,225.6,83.6,172.8,214.0,0.0,0.4,95.2,339.6,254.4,-15.6,4.8,-8879513.7,6.0,8879519.7,147991995.0
SM410,225.6,83.6,172.8,214.0,0.0,0.4,95.2,339.6,433.6,-15.6,4.8,-8879334.6,4.0,8879338.6,221983465.0
SM411,225.6,83.6,172.8,88.8,0.0,0.4,-204.4,339.6,66.8,-15.6,4.8,-8880126.2,6.0,8880132.2,148002203.0
SM412,225.6,83.6,172.8,88.8,0.0,0.4,-183.2,339.6,66.8,-15.6,4.8,-8880104.8,5.0,8880109.8,177602195.0
SM413,225.6,83.6,129.2,19.2,0.0,0.4,-183.2,339.6,254.4,-15.6,4.8,-8880030.3,5.0,8880035.3,177600707.0
SM414,225.6,83.6,172.8,384.8,0.0,0.4,95.2,339.6,254.4,-15.6,4.8,-8879342.8,7.0,8879349.8,126847854.0
SM415,225.6,83.6,172.8,214.0,0.0,0.4,-204.4,339.6,254.4,-15.6,4.8,-8879813.2,5.0,8879818.2,177596365.0
SM416,225.6,83.6,172.8,384.8,0.0,-36.8,-204.4,339.6,66.8,594.4,4.8,-8879257.0,5.0,8879262.0,177585240.0
SM417,225.6,83.6,172.8,19.2,0.0,0.4,95.2,339.6,254.4,-15.6,4.8,-8879708.5,6.0,8879714.5,147995241.0
SM418,225.6,83.6,129.2,19.2,0.0,-36.8,-204.4,-120.0,66.8,-294.4,4.8,-8881014.8,5.0,8881019.8,177620397.0
SM419,225.6,83.6,172.8,19.2,0.0,0.4,95.2,339.6,254.4,-15.6,4.8,-8879708.5,6.0,8879714.5,147995241.0
SM420,-165.2,83.6,-550.0,-128.4,0.0,-36.8,95.2,339.6,-1607.6,-15.6,4.8,-8882869.0,5.0,8882874.0,177657481.0
SM421,225.6,83.6,172.8,88.8,0.0,-36.8,-183.2,339.6,254.4,-15.6,4.8,-8879954.2,7.0,8879961.2,126856588.0
SM422,-165.2,-1901.2,-550.0,19.2,0.0,-36.8,95.2,-1829.6,-388.0,-15.6,4.8,-8885655.9,7.0,8885662.9,126938041.0
SM423,225.6,-1901.2,129.2,19.2,0.0,0.4,-183.2,-820.4,66.8,-1975.2,4.8,-8885322.7,5.0,8885327.7,177706554.0
SM424,225.6,130.0,172.8,19.2,0.0,0.4,95.2,339.6,393.6,-15.6,4.8,-8879523.4,7.0,8879530.4,126850435.0
SM425,225.6,-1901.2,129.2,19.2,0.0,0.4,-183.2,-820.4,66.8,-1975.2,4.8,-8885322.7,5.0,8885327.7,177706554.0
SM426,-165.2,-1901.2,-550.0,19.2,0.0,-36.8,95.2,-1829.6,-388.0,-15.6,4.8,-8885655.9,7.0,8885662.9,126938041.0
SM427,-556.4,83.6,-550.0,19.2,0.0,0.4,95.2,-1846.8,-388.0,-294.4,4.8,-8884321.1,6.0,8884327.1,148072119.0
SM428,225.6,83.6,172.8,19.2,0.0,0.4,95.2,339.6,254.4,-15.6,4.8,-8879708.5,6.0,8879714.5,147995241.0
SM429,225.6,83.6,172.8,-2088.8,0.0,0.4,95.2,339.6,254.4,-15.6,4.8,-8881816.3,5.0,8881821.3,177636426.0
SM430,225.6,-1901.2,172.8,88.8,0.0,0.4,95.2,339.6,393.6,-15.6,4.8,-8881485.1,6.0,8881491.1,148024852.0
SM431,225.6,130.0,172.8,19.2,0.0,0.4,95.2,339.6,393.6,-15.6,4.8,-8879523.4,7.0,8879530.4,126850435.0
SM432,225.6,83.6,172.8,19.2,0.0,0.4,-183.2,339.6,254.4,-15.6,4.8,-8879986.6,5.0,8879991.6,177599832.0
SM433,225.6,83.6,172.8,19.2,0.0,0.4,95.2,-120.0,433.6,-15.6,4.8,-8879989.0,6.0,8879995.0,147999917.0
SM434,225.6,83.6,172.8,19.2,0.0,0.4,95.2,339.6,393.6,-294.4,4.8,-8879848.1,5.0,8879853.1,177597063.0
SM435,225.6,83.6,172.8,214.0,0.0,0.4,95.2,339.6,393.6,-15.6,4.8,-8879374.8,6.0,8879380.8,147989680.0
SM436,225.6,83.6,172.8,19.2,0.0,0.4,95.2,339.6,393.6,-294.4,4.8,-8879848.1,5.0,8879853.1,177597063.0
SM437,225.6,83.6,172.8,19.2,0.0,-36.8,-183.2,-120.0,254.4,-15.6,4.8,-8880483.4,6.0,8880489.4,148008156.0
SM438,225.6,83.6,172.8,214.0,0.0,0.4,95.2,339.6,254.4,-15.6,4.8,-8879513.7,6.0,8879519.7,147991995.0
SM439,225.6,83.6,172.8,214.0,0.0,0.4,95.2,339.6,393.6,-15.6,4.8,-8879374.8,6.0,8879380.8,147989680.0
SM440,225.6,83.6,129.2,-128.4,0.0,0.4,95.2,-1829.6,393.6,-15.6,4.8,-8881930.0,5.0,8881935.0,177638700.0
SM441,225.6,83.6,172.8,19.2,0.0,0.4,95.2,339.6,822.8,-15.6,4.8,-8879140.4,8.0,8879148.4,110989355.0
SM442,225.6,83.6,172.8,19.2,0.0,0.4,95.2,339.6,393.6,-15.6,4.8,-8879569.6,6.0,8879575.6,147992926.0
SM443,357.2,83.6,172.8,214.0,0.0,0.4,95.2,394.0,433.6,-15.6,4.8,-8879148.6,7.0,8879155.6,126845080.0
SM444,225.6,83.6,172.8,214.0,0.0,0.4,95.2,339.6,254.4,-15.6,4.8,-8879513.7,7.0,8879520.7,126850296.0
SM445,-6722.8,83.6,-550.0,-128.4,0.0,0.4,95.2,-6480.0,-1607.6,-15.6,4.8,-8896208.9,7.0,8896215.9,127088799.0
SM446,225.6,83.6,129.2,19.2,0.0,0.4,95.2,339.6,254.4,-15.6,4.8,-8879752.2,6.0,8879758.2,147995970.0
SM447,225.6,83.6,172.8,88.8,0.0,-36.8,-183.2,339.6,393.6,-15.6,4.8,-8879815.3,5.0,8879820.3,177596405.0
SM448,225.6,83.6,172.8,19.2,0.0,0.4,95.2,339.6,254.4,-15.6,4.8,-8879708.5,5.0,8879713.5,177594269.0
SM449,225.6,83.6,172.8,19.2,0.0,0.4,95.2,339.6,254.4,-15.6,4.8,-8879708.5,6.0,8879714.5,147995241.0
SM450,225.6,83.6,172.8,214.0,0.0,0.4,95.2,339.6,393.6,-15.6,4.8,-8879374.8,6.0,8879380.8,147989680.0
SM451,225.6,83.6,172.8,214.0,0.0,0.4,95.2,339.6,393.6,-15.6,4.8,-8879374.8,6.0,8879380.8,147989680.0
SM452,225.6,83.6,172.8,-128.4,0.0,0.4,95.2,339.6,393.6,594.4,4.8,-8879107.0,6.0,8879113.0,147985216.0
SM453,-165.2,83.6,-550.0,-128.4,0.0,0.4,95.2,339.6,66.8,-15.6,4.8,-8881157.6,6.0,8881163.6,148019393.0
SM454,225.6,83.6,172.8,214.0,0.0,0.4,95.2,339.6,254.4,-15.6,4.8,-8879513.7,7.0,8879520.7,126850296.0
SM455,225.6,130.0,172.8,-128.4,0.0,0.4,-183.2,-1829.6,-388.0,-15.6,4.8,-8882899.6,5.0,8882904.6,177658092.0
SM456,225.6,83.6,172.8,214.0,0.0,0.4,95.2,339.6,254.4,-15.6,4.8,-8879513.7,8.0,8879521.7,110994021.0
SM457,225.6,83.6,172.8,19.2,0.0,0.4,95.2,339.6,66.8,-15.6,4.8,-8879896.2,5.0,8879901.2,177598024.0
SM458,225.6,83.6,172.8,214.0,0.0,-36.8,-183.2,339.6,254.4,-15.6,4.8,-8879829.0,5.0,8879834.0,177596679.0
SM459,225.6,83.6,172.8,214.0,0.0,0.4,95.2,339.6,254.4,-15.6,4.8,-8879513.7,7.0,8879520.7,126850296.0
SM460,225.6,83.6,172.8,19.2,0.0,0.4,95.2,339.6,254.4,-15.6,4.8,-8879708.5,3.0,8879711.5,295990382.0
SM461,225.6,83.6,172.8,19.2,0.0,0.4,95.2,339.6,66.8,-15.6,4.8,-8879896.2,6.0,8879902.2,147998370.0
SM462,225.6,83.6,172.8,88.8,0.0,0.4,95.2,339.6,254.4,-15.6,4.8,-8879638.9,5.0,8879643.9,177592878.0
SM463,225.6,130.0,172.8,88.8,0.0,0.4,95.2,339.6,254.4,-15.6,4.8,-8879592.8,5.0,8879597.8,177591955.0
SM464,225.6,83.6,172.8,19.2,0.0,0.4,-204.4,339.6,393.6,-15.6,4.8,-8879869.1,5.0,8879874.1,177597482.0
SM465,225.6,83.6,172.8,19.2,0.0,0.4,95.2,339.6,433.6,-15.6,4.8,-8879529.4,6.0,8879535.4,147992256.0
SM466,225.6,130.0,172.8,214.0,0.0,0.4,95.2,339.6,-351.2,252.8,4.8,-8879804.6,5.0,8879809.6,177596191.0
SM467,225.6,83.6,172.8,19.2,0.0,0.4,95.2,339.6,393.6,-15.6,4.8,-8879569.6,6.0,8879575.6,147992926.0
SM468,225.6,83.6,172.8,88.8,0.0,0.4,95.2,-1846.8,66.8,-15.6,4.8,-8882013.2,6.0,8882019.2,148033654.0
SM469,225.6,83.6,172.8,19.2,0.0,0.4,95.2,339.6,254.4,-15.6,4.8,-8879708.5,6.0,8879714.5,147995241.0
SM470,225.6,1.6,-550.0,-3336.8,0.0,-36.8,95.2,-1829.6,254.4,-15.6,4.8,-8886075.4,5.0,8886080.4,177721608.0
SM471,225.6,83.6,172.8,88.8,0.0,0.4,95.2,339.6,433.6,-15.6,4.8,-8879459.8,5.0,8879464.8,177589296.0
SM472,225.6,83.6,172.8,88.8,0.0,0.4,95.2,339.6,254.4,-15.6,4.8,-8879638.9,6.0,8879644.9,147994082.0
SM473,225.6,83.6,172.8,88.8,0.0,0.4,-183.2,339.6,393.6,-15.6,4.8,-8879778.1,6.0,8879784.1,147996402.0
SM474,225.6,83.6,172.8,19.2,0.0,0.4,95.2,339.6,254.4,-15.6,4.8,-8879708.5,5.0,8879713.5,177594269.0
SM475,225.6,130.0,172.8,-128.4,0.0,0.4,95.2,339.6,254.4,-15.6,4.8,-8879810.0,6.0,8879816.0,147996933.0
SM476,225.6,83.6,172.8,19.2,0.0,0.4,95.2,339.6,393.6,-15.6,4.8,-8879569.6,5.0,8879574.6,177591491.0
SM477,225.6,130.0,172.8,19.2,0.0,0.4,95.2,339.6,254.4,-15.6,4.8,-8879662.3,5.0,8879667.3,177593347.0
SM478,225.6,130.0,172.8,-128.4,0.0,0.4,95.2,339.6,254.4,594.4,4.8,-8879199.7,6.0,8879205.7,147986762.0
SM479,225.6,83.6,172.8,19.2,0.0,0.4,95.2,339.6,393.6,-15.6,4.8,-8879569.6,5.0,8879574.6,177591491.0
SM480,225.6,83.6,129.2,214.0,0.0,0.4,95.2,339.6,254.4,-15.6,4.8,-8879557.4,6.0,8879563.4,147992724.0
SM481,225.6,130.0,172.8,449.6,0.0,0.4,95.2,394.0,393.6,-15.6,4.8,-8879038.4,5.0,8879043.4,177580868.0
SM482,225.6,83.6,172.8,214.0,0.0,0.4,95.2,339.6,393.6,252.8,4.8,-8879106.2,8.0,8879114.2,110988927.0
SM483,225.6,83.6,172.8,19.2,0.0,0.4,95.2,339.6,433.6,594.4,4.8,-8878919.1,5.0,8878924.1,177578483.0
SM484,225.6,83.6,172.8,19.2,0.0,0.4,95.2,339.6,433.6,594.4,4.8,-8878919.1,5.0,8878924.1,177578483.0
SM485,225.6,83.6,172.8,214.0,0.0,0.4,95.2,339.6,393.6,-15.6,4.8,-8879374.8,6.0,8879380.8,147989680.0
SM486,225.6,83.6,172.8,19.2,0.0,0.4,95.2,339.6,254.4,-440.4,4.8,-8880133.0,5.0,8880138.0,177602760.0
SM487,225.6,83.6,172.8,19.2,0.0,0.4,95.2,339.6,254.4,-440.4,4.8,-8880133.0,5.0,8880138.0,177602760.0
SM488,225.6,83.6,172.8,-128.4,0.0,0.4,95.2,339.6,254.4,-1975.2,4.8,-8881815.4,6.0,8881821.4,148030357.0
SM489,225.6,83.6,172.8,214.0,0.0,-36.8,-183.2,339.6,66.8,252.8,4.8,-8879748.1,7.0,8879755.1,126853644.0
SM490,225.6,83.6,172.8,88.8,0.0,0.4,95.2,339.6,66.8,-15.6,4.8,-8879826.6,6.0,8879832.6,147997211.0
SM491,225.6,83.6,172.8,214.0,0.0,0.4,95.2,339.6,66.8,-15.6,4.8,-8879701.4,6.0,8879707.4,147995124.0
SM492,225.6,83.6,172.8,88.8,0.0,0.4,95.2,-1829.6,66.8,-15.6,4.8,-8881995.7,7.0,8882002.7,126885752.0
SM493,225.6,83.6,172.8,88.8,0.0,0.4,95.2,-1846.8,66.8,-15.6,4.8,-8882013.2,7.0,8882020.2,126886003.0
SM494,225.6,83.6,172.8,214.0,0.0,0.4,-183.2,339.6,-351.2,-15.6,4.8,-8880397.5,6.0,8880403.5,148006725.0
SM495,-556.4,83.6,172.8,384.8,0.0,-36.8,-204.4,-1829.6,66.8,-15.6,4.8,-8882818.4,6.0,8882824.4,148047073.0
SM496,225.6,83.6,172.8,88.8,0.0,0.4,95.2,339.6,393.6,-15.6,4.8,-8879500.0,8.0,8879508.0,110993850.0
SM497,225.6,83.6,172.8,19.2,0.0,0.4,95.2,339.6,66.8,-15.6,4.8,-8879896.2,6.0,8879902.2,147998370.0
SM498,225.6,83.6,172.8,88.8,0.0,-36.8,-204.4,339.6,66.8,-15.6,4.8,-8880163.3,5.0,8880168.3,177603366.0
SM499,225.6,83.6,172.8,88.8,0.0,0.4,95.2,339.6,393.6,-15.6,4.8,-8879500.0,8.0,8879508.0,110993850.0
SM500,225.6,83.6,172.8,214.0,0.0,0.4,-183.2,339.6,-351.2,-15.6,4.8,-8880397.5,6.0,8880403.5,148006725.0
